gate_length_nm,gate_drain_spacing_um,barrier_thickness_nm,al_fraction,vth_V,gm_max_S_per_mm,ss_mV_per_dec,dibl_mV_per_V,ion_A_per_mm,ioff_A_per_mm,ion_ioff_ratio,ron_sp_ohm_mm,breakdown_V,baliga_fom_V2_per_ohm_mm
100.0,1.0,15.0,0.2,-3.7997743862430697,0.5711862930640985,66.90770656954085,92.99999999999994,1.7948727238497664,1e-06,1794872.7238497664,0.8615847443328548,330.0,126394.99563600539
100.0,1.0,15.0,0.25,-4.8539873522838874,0.5699338453782918,66.90770656954085,93.00000000000004,1.7909370823430197,1e-06,1790937.0823430198,0.6665924473641668,330.0,163368.18760940255
100.0,1.0,15.0,0.3,-5.91293579007344,0.5686812094622038,66.90770656954085,93.00000000000004,1.7870008502123087,1e-06,1787000.8502123088,0.547001333440284,330.0,199085.43790028727
100.0,1.0,20.0,0.2,-5.290927414063414,0.4345770875482506,69.2887637428341,123.00000000000009,1.3037821718420943,1e-06,1303782.1718420943,0.8252418491139111,330.0,131961.3154821577
100.0,1.0,20.0,0.25,-6.680999401407721,0.43361644945678773,69.2887637428341,123.00000000000009,1.3009001447778208,1e-06,1300900.144777821,0.6519959833216101,330.0,167025.56884661494
100.0,1.0,20.0,0.3,-8.07620539977455,0.4326557012767311,69.28876374283412,123.00000000000009,1.2980177880496906,1e-06,1298017.7880496907,0.5435509019406233,330.0,200349.22140906702
100.0,1.0,25.0,0.2,-6.782080441883759,0.3504138755662257,71.66982091612738,152.99999999999994,1.0014961096972574,1e-06,1001496.1096972575,0.8148257960818216,330.0,133648.1988219537
100.0,1.0,25.0,0.25,-8.508011450531557,0.34963544036251804,71.66982091612738,152.99999999999994,0.9992713125153537,1e-06,999271.3125153538,0.6537825777562889,330.0,166569.13736326995
100.0,1.0,25.0,0.3,-10.23947500947566,0.34885693324018374,71.66982091612738,153.00000000000014,0.9970463097289817,1e-06,997046.3097289817,0.5520122610912535,330.0,197278.2267276445
100.0,2.0,15.0,0.2,-3.7997743862430697,0.5711862931749321,66.90770656954085,92.99999999999994,1.7948727238525368,1e-06,1794872.7238525369,1.2712310396915336,660.0,342659.97792635637
100.0,2.0,15.0,0.25,-4.8539873522838874,0.569933845281275,66.90770656954085,93.00000000000004,1.7909370823466568,1e-06,1790937.0823466568,0.9781273058117246,660.0,445340.8031979088
100.0,2.0,15.0,0.3,-5.91293579007344,0.5686812095823632,66.90770656954085,93.00000000000004,1.7870008502138113,1e-06,1787000.8502138113,0.7981214659763625,660.0,545781.5865998784
100.0,2.0,20.0,0.2,-5.290927414063414,0.4345770875877412,69.2887637428341,123.00000000000009,1.303782171841107,1e-06,1303782.1718411068,1.2077478849110304,660.0,360671.30022926
100.0,2.0,20.0,0.25,-6.680999401407721,0.4336164493545806,69.2887637428341,123.00000000000009,1.300900144779098,1e-06,1300900.144779098,0.9467440969661333,660.0,460103.21204630885
100.0,2.0,20.0,0.3,-8.07620539977455,0.4326557013394809,69.28876374283412,123.00000000000009,1.298017788048123,1e-06,1298017.788048123,0.7829420580060927,660.0,556363.009938866
100.0,2.0,25.0,0.2,-6.782080441883759,0.3504138755251808,71.66982091612738,152.99999999999994,1.0014961096941792,1e-06,1001496.1096941793,1.181622942014043,660.0,368645.51669717254
100.0,2.0,25.0,0.25,-8.508011450531557,0.3496354404152203,71.66982091612738,152.99999999999994,0.9992713125114013,1e-06,999271.3125114014,0.9381911752405818,660.0,464297.6948576589
100.0,2.0,25.0,0.3,-10.23947500947566,0.3488569331758463,71.66982091612738,153.00000000000014,0.9970463097241561,1e-06,997046.3097241562,0.7836888727213769,660.0,555832.8249415733
100.0,3.0,15.0,0.2,-3.7997743862430697,0.5711862931195042,66.90770656954085,92.99999999999994,1.7948727238511513,1e-06,1794872.7238511513,1.6812365056076275,990.0,582963.7869097871
100.0,3.0,15.0,0.25,-4.8539873522838874,0.5699338453055278,66.90770656954085,93.00000000000004,1.790937082344839,1e-06,1790937.0823448391,1.2901358454138416,990.0,759687.4418178883
100.0,3.0,15.0,0.3,-5.91293579007344,0.5686812094622038,66.90770656954085,93.00000000000004,1.7870008502100558,1e-06,1787000.850210056,1.0498297912536347,990.0,933579.9080626506
100.0,3.0,20.0,0.2,-5.290927414063414,0.4345770875482506,69.2887637428341,123.00000000000009,1.303782171843575,1e-06,1303782.171843575,1.5909744266072732,990.0,616037.5576180989
100.0,3.0,20.0,0.25,-6.680999401407721,0.43361644945678773,69.2887637428341,123.00000000000009,1.3009001447797375,1e-06,1300900.1447797376,1.2424253135507954,990.0,788860.2955125878
100.0,3.0,20.0,0.3,-8.07620539977455,0.4326557013708114,69.28876374283412,123.00000000000009,1.2980177880473387,1e-06,1298017.7880473388,1.0234754016156755,990.0,957619.4976965715
100.0,3.0,25.0,0.2,-6.782080441883759,0.3504138755662257,71.66982091612738,152.99999999999994,1.0014961096957182,1e-06,1001496.1096957183,1.549671546548665,990.0,632456.6016475037
100.0,3.0,25.0,0.25,-8.508011450531557,0.34963544036251804,71.66982091612738,152.99999999999994,0.9992713125133775,1e-06,999271.3125133775,1.2241972544676223,990.0,800606.2719248827
100.0,3.0,25.0,0.3,-10.23947500947566,0.34885693324018374,71.66982091612738,153.00000000000014,0.9970463097265688,1e-06,997046.3097265689,1.0172945641555637,990.0,963437.7637843388
100.0,4.0,15.0,0.2,-3.7997743862430697,0.5674207943716778,66.90770656954085,92.99999999999994,1.7948727238503204,1e-06,1794872.7238503206,2.0913854690857527,1320.0,833131.9241505913
100.0,4.0,15.0,0.25,-4.8539873522838874,0.5699338453200773,66.90770656954085,93.00000000000004,1.7909370823466575,1e-06,1790937.0823466575,1.6023338763088224,1320.0,1087413.819155991
100.0,4.0,15.0,0.3,-5.91293579007344,0.5686812094622093,66.90770656954085,93.00000000000004,1.7870008502114076,1e-06,1787000.8502114078,1.3017739105672343,1320.0,1338481.2722516211
100.0,4.0,20.0,0.2,-5.290927414063414,0.434577087571915,69.2887637428341,123.00000000000009,1.3037821718426859,1e-06,1303782.171842686,1.9744894375120587,1320.0,882455.9741355206
100.0,4.0,20.0,0.25,-6.680999401407721,0.4336164493954368,69.2887637428341,123.00000000000009,1.3009001447801205,1e-06,1300900.1447801206,1.5384814524740087,1320.0,1132545.3402106818
100.0,4.0,20.0,0.3,-8.07620539977455,0.43265570131438985,69.28876374283412,123.00000000000009,1.2980177880506318,1e-06,1298017.788050632,1.2644700062357388,1320.0,1377968.6282848525
100.0,4.0,25.0,0.2,-6.782080441883759,0.35041387554158987,71.66982091612738,152.99999999999994,1.0014961096941795,1e-06,1001496.1096941795,1.9182233201555274,1320.0,908340.5366267407
100.0,4.0,25.0,0.25,-8.508011450531557,0.3496354403308989,71.66982091612738,152.99999999999994,0.9992713125114013,1e-06,999271.3125114014,1.510850212812729,1320.0,1153257.9373015396
100.0,4.0,25.0,0.3,-10.23947500947566,0.3488569332787751,71.66982091612738,153.00000000000014,0.997046309728017,1e-06,997046.3097280171,1.251688868228302,1320.0,1392039.2233465118
100.0,6.0,15.0,0.2,-3.7997743862430697,0.5578633123102492,66.90770656954085,92.99999999999994,1.6428487769680156,1e-06,1642848.7769680156,2.911867623724917,1980.0,1346352.4124716043
100.0,6.0,15.0,0.25,-4.8539873522838874,0.5644700867908434,66.90770656954085,93.00000000000004,1.7909370823466577,1e-06,1790937.0823466578,2.2269732871379557,1980.0,1760416.2666173645
100.0,6.0,15.0,0.3,-5.91293579007344,0.5686812094622204,66.90770656954085,93.00000000000004,1.7870008502103774,1e-06,1787000.8502103775,1.8059651643521317,1980.0,2170805.991934178
100.0,6.0,20.0,0.2,-5.290927414063414,0.4325157728151501,69.2887637428341,123.00000000000009,1.303782171841671,1e-06,1303782.171841671,2.741890004570955,1980.0,1429816.6569280215
100.0,6.0,20.0,0.25,-6.680999401407721,0.43361644936918003,69.2887637428341,123.00000000000009,1.300900144780559,1e-06,1300900.144780559,2.1310759241021913,1980.0,1839634.1283108622
100.0,6.0,20.0,0.3,-8.07620539977455,0.4326557013573777,69.28876374283412,123.00000000000009,1.2980177880490185,1e-06,1298017.7880490185,1.7470536031308108,1980.0,2244006.705332017
100.0,6.0,25.0,0.2,-6.782080441883759,0.35041387551344017,71.66982091612738,152.99999999999994,1.0014961096941795,1e-06,1001496.1096941795,2.655974145943067,1980.0,1476068.5852263703
100.0,6.0,25.0,0.25,-8.508011450531557,0.34963544033994165,71.66982091612738,152.99999999999994,0.9992713125114017,1e-06,999271.3125114017,2.0849905920538876,1980.0,1880296.254065148
100.0,6.0,25.0,0.3,-10.23947500947566,0.3488569332677728,71.66982091612738,153.00000000000014,0.9970463097269137,1e-06,997046.3097269137,1.7214987884511002,1980.0,2277317.896649429
100.0,8.0,15.0,0.2,-3.7997743862430697,0.5491411397667648,66.90770656954085,92.99999999999994,1.3186099642975246,1e-06,1318609.9642975247,3.732458799357545,2640.0,1867294.556928439
100.0,8.0,15.0,0.25,-4.8539873522838874,0.557249021319464,66.90770656954085,93.00000000000004,1.6680891869164745,1e-06,1668089.1869164745,2.8517567029703503,2640.0,2443967.2545489455
100.0,8.0,15.0,0.3,-5.91293579007344,0.5623268009366764,66.90770656954085,93.00000000000004,1.7870008502118078,1e-06,1787000.8502118078,2.3103357650271783,2640.0,3016704.37063853
100.0,8.0,20.0,0.2,-5.290927414063414,0.4270264027127422,69.2887637428341,123.00000000000009,1.294187959528782,1e-06,1294187.959528782,3.509509854955188,2640.0,1985918.3441697424
100.0,8.0,20.0,0.25,-6.680999401407721,0.4318697444956236,69.2887637428341,123.00000000000009,1.3009001447790987,1e-06,1300900.1447790987,2.723955874849421,2640.0,2558631.754776599
100.0,8.0,20.0,0.3,-8.07620539977455,0.4326557013394698,69.28876374283412,123.00000000000009,1.298017788050213,1e-06,1298017.7880502131,2.22998939250851,2640.0,3125396.0325613534
100.0,8.0,25.0,0.2,-6.782080441883759,0.3494506706303807,71.66982091612738,152.99999999999994,1.0014961096955473,1e-06,1001496.1096955473,3.3941082161367717,2640.0,2053440.7143720686
100.0,8.0,25.0,0.25,-8.508011450531557,0.3496354403449543,71.66982091612738,152.99999999999994,0.9992713125114012,1e-06,999271.3125114013,2.659625643976362,2640.0,2620519.175615959
100.0,8.0,25.0,0.3,-10.23947500947566,0.34885693321873423,71.66982091612738,153.00000000000014,0.9970463097263008,1e-06,997046.3097263009,2.191915277653672,2640.0,3179684.940861667
150.0,1.0,15.0,0.2,-3.64477438624307,0.558674086288715,64.44728082380446,61.999999999999964,1.7934860162703066,1e-06,1793486.0162703067,0.8792572908067657,330.0,123854.53170377287
150.0,1.0,15.0,0.25,-4.698987352283888,0.5574490742505287,64.44728082380448,62.00000000000014,1.7895534154205917,1e-06,1789553.4154205918,0.6845152083486639,330.0,159090.69465777423
150.0,1.0,15.0,0.3,-5.757935790073439,0.5562238781543679,64.44728082380448,61.999999999999964,1.7856202243954984,1e-06,1785620.2243954984,0.565162070755709,330.0,192688.0900807513
150.0,1.0,20.0,0.2,-5.085927414063414,0.42523086208308286,66.03465227266665,81.99999999999993,1.3252025830062446,1e-06,1325202.5830062446,0.8484938286200256,330.0,128345.07020176317
150.0,1.0,20.0,0.25,-6.475999401407721,0.42429088392400155,66.03465227266665,81.99999999999993,1.3222732058515436,1e-06,1322273.2058515437,0.675605107672802,330.0,161188.8346657389
150.0,1.0,20.0,0.3,-7.871205399774549,0.42335079805049397,66.03465227266666,81.99999999999993,1.319343493618026,1e-06,1319343.493618026,0.5674845839270065,330.0,191899.4860554792
150.0,1.0,25.0,0.2,-6.527080441883759,0.34303542850569035,67.62202372152885,101.99999999999991,1.036889102722334,1e-06,1036889.102722334,0.8434365395036917,330.0,129114.63388114613
150.0,1.0,25.0,0.25,-8.253011450531558,0.3422733842964222,67.62202372152882,102.00000000000009,1.0345856809418554,1e-06,1034585.6809418555,0.6828134895779504,330.0,159487.18304805533
150.0,1.0,25.0,0.3,-9.98447500947566,0.34151126969787066,67.62202372152882,102.00000000000009,1.0322820462863418,1e-06,1032282.0462863419,0.5813969297264142,330.0,187307.49068668915
150.0,2.0,15.0,0.2,-3.64477438624307,0.5586740862887039,64.44728082380446,61.999999999999964,1.7934860162712307,1e-06,1793486.0162712308,1.2886662320898177,660.0,338023.9111981631
150.0,2.0,15.0,0.25,-4.698987352283888,0.5574490741049896,64.44728082380448,62.00000000000014,1.7895534154169528,1e-06,1789553.415416953,0.9957529747615954,660.0,437457.89471961354
150.0,2.0,15.0,0.3,-5.757935790073439,0.5562238781543568,64.44728082380448,61.999999999999964,1.7856202243939967,1e-06,1785620.2243939969,0.8159330019565207,660.0,533867.3628293958
150.0,2.0,20.0,0.2,-5.085927414063414,0.4252308621225624,66.03465227266665,81.99999999999993,1.3252025830072316,1e-06,1325202.5830072316,1.2306164513726143,660.0,353968.9393182881
150.0,2.0,20.0,0.25,-6.475999401407721,0.4242908839239849,66.03465227266665,81.99999999999993,1.322273205855377,1e-06,1322273.205855377,0.9698970561484673,660.0,449119.82899484166
150.0,2.0,20.0,0.3,-7.871205399774549,0.42335079805048287,66.03465227266666,81.99999999999993,1.319343493613323,1e-06,1319343.4936133232,0.8063659753338337,660.0,540201.3642994579
150.0,2.0,25.0,0.2,-6.527080441883759,0.34303542850567925,67.62202372152885,101.99999999999991,1.036889102721308,1e-06,1036889.1027213081,1.2097308531672164,660.0,360080.09455950337
150.0,2.0,25.0,0.25,-8.253011450531558,0.3422733842964111,67.62202372152882,102.00000000000009,1.034585680937903,1e-06,1034585.6809379031,0.9666626564709564,660.0,450622.5590530896
150.0,2.0,25.0,0.3,-9.98447500947566,0.3415112697622303,67.62202372152882,102.00000000000009,1.0322820462847329,1e-06,1032282.0462847329,0.8124943277229972,660.0,536126.819765945
150.0,3.0,15.0,0.2,-3.64477438624307,0.558674086288715,64.44728082380446,61.999999999999964,1.793486016271692,1e-06,1793486.016271692,1.6985474282895645,990.0,577022.4508755459
150.0,3.0,15.0,0.25,-4.698987352283888,0.5574490741777647,64.44728082380448,62.00000000000014,1.7895534154187724,1e-06,1789553.4154187725,1.307603013640324,990.0,749539.4166088939
150.0,3.0,15.0,0.3,-5.757935790073439,0.5562238781543735,64.44728082380448,61.999999999999964,1.7856202243932455,1e-06,1785620.2243932455,1.0674510670906832,990.0,918168.5514365012
150.0,3.0,20.0,0.2,-5.085927414063414,0.42523086208308286,66.03465227266665,81.99999999999993,1.3252025830077252,1e-06,1325202.5830077252,1.6136351406470653,990.0,607386.375836474
150.0,3.0,20.0,0.25,-6.475999401407721,0.424290883923996,66.03465227266665,81.99999999999993,1.3222732058534603,1e-06,1322273.2058534604,1.2653225275548372,990.0,774585.1185420579
150.0,3.0,20.0,0.3,-7.871205399774549,0.42335079814457427,66.03465227266666,81.99999999999993,1.3193434936156738,1e-06,1319343.4936156739,1.046602277153548,990.0,936458.8835651928
150.0,3.0,25.0,0.2,-6.527080441883759,0.34303542850569035,67.62202372152885,101.99999999999991,1.0368891027207947,1e-06,1036889.1027207947,1.5774917533943908,990.0,621302.7725127917
150.0,3.0,25.0,0.25,-8.253011450531558,0.3422733842964222,67.62202372152882,102.00000000000009,1.0345856809398792,1e-06,1034585.6809398793,1.2523289745806185,990.0,782621.834912202
150.0,3.0,25.0,0.3,-9.98447500947566,0.34151126979439345,67.62202372152882,102.00000000000009,1.0322820462887545,1e-06,1032282.0462887546,1.0457219541590783,990.0,937247.2253278373
150.0,4.0,15.0,0.2,-3.64477438624307,0.5533741729329221,64.44728082380446,61.999999999999964,1.7934860162719686,1e-06,1793486.0162719686,2.108620088779637,1320.0,826322.3940963274
150.0,4.0,15.0,0.25,-4.698987352283888,0.5574490741049729,64.44728082380448,62.00000000000014,1.7895534154198636,1e-06,1789553.4154198635,1.619702850167617,1320.0,1075752.8764116736
150.0,4.0,15.0,0.3,-5.757935790073439,0.5562238780822645,64.44728082380448,61.999999999999964,1.7856202243927948,1e-06,1785620.2243927948,1.3192761576262442,1320.0,1320724.239521676
150.0,4.0,20.0,0.2,-5.085927414063414,0.42523086210675837,66.03465227266665,81.99999999999993,1.3252025830080216,1e-06,1325202.5830080216,1.997020398604268,1320.0,872499.850886739
150.0,4.0,20.0,0.25,-6.475999401407721,0.4242908839240071,66.03465227266665,81.99999999999993,1.3222732058523101,1e-06,1322273.2058523102,1.5612165409746046,1320.0,1116052.7410965618
150.0,4.0,20.0,0.3,-7.871205399774549,0.4233507981257671,66.03465227266666,81.99999999999993,1.3193434936170858,1e-06,1319343.493617086,1.2874053072865854,1320.0,1353419.929324658
150.0,4.0,25.0,0.2,-6.527080441883759,0.34303542850569035,67.62202372152885,101.99999999999991,1.0368891027229499,1e-06,1036889.1027229499,1.9458594369900437,1320.0,895439.8076642343
150.0,4.0,25.0,0.25,-8.253011450531558,0.3422733842964222,67.62202372152882,102.00000000000009,1.0345856809379028,1e-06,1034585.6809379029,1.53875882146796,1320.0,1132341.1932337573
150.0,4.0,25.0,0.3,-9.98447500947566,0.3415112697364953,67.62202372152882,102.00000000000009,1.0322820462873072,1e-06,1032282.0462873073,1.279860448664162,1320.0,1361398.4257569704
150.0,6.0,15.0,0.2,-3.64477438624307,0.5420456196867566,64.44728082380446,61.999999999999964,1.6198855737954942,1e-06,1619885.5737954944,2.929013473507876,1980.0,1338471.138988927
150.0,6.0,15.0,0.25,-4.698987352283888,0.5501308675164037,64.44728082380448,62.00000000000014,1.789553415419032,1e-06,1789553.415419032,2.2442272638734244,1980.0,1746881.9059053694
150.0,6.0,15.0,0.3,-5.757935790073439,0.5558166027235819,64.44728082380448,61.999999999999964,1.7856202243922792,1e-06,1785620.2243922793,1.8233270153052654,1980.0,2150135.421178761
150.0,6.0,20.0,0.2,-5.085927414063414,0.42180875358480846,66.03465227266665,81.99999999999993,1.3252025830066676,1e-06,1325202.5830066677,2.7642681448546416,1980.0,1418241.572293687
150.0,6.0,20.0,0.25,-6.475999401407721,0.4242908838801977,66.03465227266665,81.99999999999993,1.3222732058531868,1e-06,1322273.2058531868,2.1536179287197124,1980.0,1820378.6046351353
150.0,6.0,20.0,0.3,-7.871205399774549,0.42335079810426207,66.03465227266666,81.99999999999993,1.3193434936160102,1e-06,1319343.4936160103,1.7697579441448728,1980.0,2215218.1957823015
150.0,6.0,25.0,0.2,-6.527080441883759,0.3430354284705296,67.62202372152885,101.99999999999991,1.0368891027218943,1e-06,1036889.1027218943,2.683389524529513,1980.0,1460988.039255082
150.0,6.0,25.0,0.25,-8.253011450531558,0.3422733842964111,67.62202372152882,102.00000000000009,1.0345856809379024,1e-06,1034585.6809379024,2.1126267657240416,1980.0,1855699.2951172786
150.0,6.0,25.0,0.3,-9.98447500947566,0.3415112697806045,67.62202372152882,102.00000000000009,1.0322820462884101,1e-06,1032282.0462884102,1.749351558103404,1980.0,2241058.969444874
150.0,8.0,15.0,0.2,-3.64477438624307,0.5317984615434395,64.44728082380446,61.999999999999964,1.3066462422073044,1e-06,1306646.2422073046,3.749554622328261,2640.0,1858780.7625195424
150.0,8.0,15.0,0.25,-4.698987352283888,0.5415758477804474,64.44728082380448,62.00000000000014,1.6442577760958144,1e-06,1644257.7760958145,2.868945538388534,2640.0,2429324.6095967283
150.0,8.0,15.0,0.3,-5.757935790073439,0.5478492633131623,64.44728082380448,61.999999999999964,1.7856202243919939,1e-06,1785620.2243919938,2.327617651084961,2640.0,2994306.2155209617
150.0,8.0,20.0,0.2,-5.085927414063414,0.4152950784577961,66.03465227266665,81.99999999999993,1.291224747703286,1e-06,1291224.7477032861,3.5318010443203485,2640.0,1973384.0928577033
150.0,8.0,20.0,0.25,-6.475999401407721,0.42124548717994575,66.03465227266665,81.99999999999993,1.322273205853673,1e-06,1322273.2058536732,2.7463870895856943,2640.0,2537734.0384495463
150.0,8.0,20.0,0.3,-7.871205399774549,0.42335079813410487,66.03465227266666,81.99999999999993,1.3193434936154125,1e-06,1319343.4936154126,2.252559998964242,2640.0,3094079.6263827453
150.0,8.0,25.0,0.2,-6.527080441883759,0.34078635419580566,67.62202372152885,101.99999999999991,1.0368891027226763,1e-06,1036889.1027226764,3.4213962738493806,2640.0,2037063.0707908527
150.0,8.0,25.0,0.25,-8.253011450531558,0.3422733843315663,67.62202372152882,102.00000000000009,1.0345856809379026,1e-06,1034585.6809379027,2.687102556263557,2640.0,2593723.1103271693
150.0,8.0,25.0,0.3,-9.98447500947566,0.3415112697622192,67.62202372152882,102.00000000000009,1.032282046286878,1e-06,1032282.0462868781,2.219578909407454,2640.0,3140055.0665083705
200.0,1.0,15.0,0.2,-3.56727438624307,0.5480265945642845,63.217067950936276,46.50000000000002,1.7637264608773995,1e-06,1763726.4608773997,0.8970240623326918,330.0,121401.4256393612
200.0,1.0,15.0,0.25,-4.6214873522838875,0.5468249293398971,63.217067950936276,46.50000000000002,1.7598591142013513,1e-06,1759859.1142013513,0.7025192735953135,330.0,155013.5406857633
200.0,1.0,15.0,0.3,-5.68043579007344,0.5456230837726691,63.217067950936276,46.50000000000002,1.755991187147929,1e-06,1755991.187147929,0.583386872079945,330.0,186668.58171103444
200.0,1.0,20.0,0.2,-4.983427414063414,0.41721639160303836,64.40759653758293,61.50000000000004,1.3136485802058977,1e-06,1313648.5802058978,0.8719998477671789,330.0,124885.34290326614
200.0,1.0,20.0,0.25,-6.373499401407721,0.41629412955797174,64.40759653758293,61.50000000000004,1.310744743322543,1e-06,1310744.743322543,0.6994479812214351,330.0,155694.20875277906
200.0,1.0,20.0,0.3,-7.768705399774549,0.4153717619108447,64.40759653758292,61.50000000000004,1.3078405742769272,1e-06,1307840.5742769274,0.5916258543918111,330.0,184069.034832747
200.0,1.0,25.0,0.2,-6.399580441883759,0.3366489853638866,65.59812512422955,76.50000000000007,1.0365194825468511,1e-06,1036519.4825468512,0.8726371678652787,330.0,124794.1343896693
200.0,1.0,25.0,0.25,-8.125511450531556,0.3359011285181191,65.59812512422957,76.49999999999989,1.0342168818652357,1e-06,1034216.8818652357,0.7124227269239746,330.0,152858.68331320255
200.0,1.0,25.0,0.3,-9.85697500947566,0.3351532024623472,65.59812512422957,76.50000000000007,1.0319140683931554,1e-06,1031914.0683931554,0.611344701604617,330.0,178131.9110383496
200.0,2.0,15.0,0.2,-3.56727438624307,0.548026594527364,63.217067950936276,46.50000000000002,1.7637264608783225,1e-06,1763726.4608783226,1.3062041448589172,660.0,333485.391019831
200.0,2.0,15.0,0.25,-4.6214873522838875,0.5468249292913748,63.217067950936276,46.50000000000002,1.7598591142025635,1e-06,1759859.1142025637,1.013476884951067,660.0,429807.53332231333
200.0,2.0,15.0,0.3,-5.68043579007344,0.5456230836525263,63.217067950936276,46.50000000000002,1.7559911871434235,1e-06,1755991.1871434236,0.8338359357473909,660.0,522404.92562791664
200.0,2.0,20.0,0.2,-4.983427414063414,0.4172163916425401,64.40759653758293,61.50000000000004,1.3136485802068847,1e-06,1313648.5802068848,1.2537527369843964,660.0,347436.92847102537
200.0,2.0,20.0,0.25,-6.373499401407721,0.4162941294557535,64.40759653758293,61.50000000000004,1.310744743321265,1e-06,1310744.7433212649,0.9933115831849971,660.0,438533.0921071849
200.0,2.0,20.0,0.3,-7.768705399774549,0.4153717619108336,64.40759653758292,61.50000000000004,1.307840574275359,1e-06,1307840.574275359,0.8300411740077019,660.0,524793.243564997
200.0,2.0,25.0,0.2,-6.399580441883759,0.3366489853638977,65.59812512422955,76.50000000000007,1.0365194825437731,1e-06,1036519.4825437731,1.2384322587429333,660.0,351735.0237970661
200.0,2.0,25.0,0.25,-8.125511450531556,0.33590112846541126,65.59812512422957,76.49999999999989,1.0342168818639181,1e-06,1034216.8818639182,0.9957288272832294,660.0,437468.50353675266
200.0,2.0,25.0,0.3,-9.85697500947566,0.33515320259104425,65.59812512422957,76.50000000000007,1.0319140683883299,1e-06,1031914.0683883299,0.8418905362371887,660.0,517406.93267191795
200.0,3.0,15.0,0.2,-3.56727438624307,0.5480265945642845,63.217067950936276,46.50000000000002,1.7637264608787846,1e-06,1763726.4608787848,1.7159630274172164,990.0,571166.1523821983
200.0,3.0,15.0,0.25,-4.6214873522838875,0.5468249293398971,63.217067950936276,46.50000000000002,1.7598591142031705,1e-06,1759859.1142031706,1.3251732682114286,990.0,739601.3966708141
200.0,3.0,15.0,0.3,-5.68043579007344,0.5456230836825468,63.217067950936276,46.50000000000002,1.7559911871456761,1e-06,1755991.1871456762,1.0851724012834545,990.0,903174.4622705264
200.0,3.0,20.0,0.2,-4.983427414063414,0.41721639160303836,64.40759653758293,61.50000000000004,1.3136485802073783,1e-06,1313648.5802073784,1.6365656045893902,990.0,598876.0837032894
200.0,3.0,20.0,0.25,-6.373499401407721,0.41629412955797174,64.40759653758293,61.50000000000004,1.3107447433244594,1e-06,1310744.7433244595,1.288488442363476,990.0,760658.7438240434
200.0,3.0,20.0,0.3,-7.768705399774549,0.4153717619108447,64.40759653758292,61.50000000000004,1.3078405742792791,1e-06,1307840.5742792792,1.069994076522543,990.0,915986.3792753911
200.0,3.0,25.0,0.2,-6.399580441883759,0.3366489853638866,65.59812512422955,76.50000000000007,1.0365194825453121,1e-06,1036519.4825453121,1.6059000958676337,990.0,610311.9381598099
200.0,3.0,25.0,0.25,-8.125511450531556,0.33590112851811355,65.59812512422957,76.49999999999989,1.0342168818632596,1e-06,1034216.8818632596,1.28105509642756,990.0,765072.4802806495
200.0,3.0,25.0,0.3,-9.85697500947566,0.33515320255886444,65.59812512422957,76.50000000000007,1.0319140683907424,1e-06,1031914.0683907424,1.0747460928996733,990.0,911936.3228906305
200.0,4.0,15.0,0.2,-3.56727438624307,0.5415591312241804,63.217067950936276,46.50000000000002,1.763726460879062,1e-06,1763726.460879062,2.1259597729016226,1320.0,819582.7701960136
200.0,4.0,15.0,0.25,-4.6214873522838875,0.546824929310776,63.217067950936276,46.50000000000002,1.7598591142035342,1e-06,1759859.1142035343,1.6371765274476506,1320.0,1064271.3053774305
200.0,4.0,15.0,0.3,-5.68043579007344,0.5456230837005879,63.217067950936276,46.50000000000002,1.7559911871470284,1e-06,1755991.1871470285,1.336881791435699,1320.0,1303331.3873837779
200.0,4.0,20.0,0.2,-4.983427414063414,0.4172163916740982,64.40759653758293,61.50000000000004,1.3136485802076752,1e-06,1313648.5802076752,2.0198205663610826,1320.0,862650.8854393513
200.0,4.0,20.0,0.25,-6.373499401407721,0.4162941294966319,64.40759653758293,61.50000000000004,1.3107447433233093,1e-06,1310744.7433233093,1.584221926650292,1320.0,1099845.9058600222
200.0,4.0,20.0,0.3,-7.768705399774549,0.4153717619108558,64.40759653758292,61.50000000000004,1.3078405742778683,1e-06,1307840.5742778683,1.3106101119700917,1320.0,1329457.1620394776
200.0,4.0,25.0,0.2,-6.399580441883759,0.3366489854131583,65.59812512422955,76.50000000000007,1.036519482546236,1e-06,1036519.4825462361,1.9740775465681673,1320.0,882640.0984242352
200.0,4.0,25.0,0.25,-8.125511450531556,0.3359011285497327,65.59812512422957,76.49999999999989,1.0342168818628643,1e-06,1034216.8818628644,1.5672575864138962,1320.0,1111750.879437026
200.0,4.0,25.0,0.3,-9.85697500947566,0.3351532026167792,65.59812512422957,76.50000000000007,1.0319140683883297,1e-06,1031914.0683883297,1.3086274670899576,1320.0,1331471.3650895914
200.0,6.0,15.0,0.2,-3.56727438624307,0.5287449525182472,63.217067950936276,46.50000000000002,1.594522750425551,1e-06,1594522.750425551,2.946264082082717,1980.0,1330634.2849038385
200.0,6.0,15.0,0.25,-4.6214873522838875,0.538070499896446,63.217067950936276,46.50000000000002,1.7598591142018707,1e-06,1759859.1142018707,2.261586538797893,1980.0,1733473.3527746503
200.0,6.0,15.0,0.3,-5.68043579007344,0.544258350091823,63.217067950936276,46.50000000000002,1.7559911871459988,1e-06,1755991.187145999,1.8407942003465245,1980.0,2129732.915967464
200.0,6.0,20.0,0.2,-4.983427414063414,0.41297065922556586,64.40759653758293,61.50000000000004,1.3136485802063218,1e-06,1313648.5802063218,2.78691313418369,1980.0,1406717.6877216583
200.0,6.0,20.0,0.25,-6.373499401407721,0.41629412947035294,64.40759653758293,61.50000000000004,1.310744743324186,1e-06,1310744.743324186,2.1764293107316077,1980.0,1801299.027112512
200.0,6.0,20.0,0.3,-7.768705399774549,0.4153717618570877,64.40759653758292,61.50000000000004,1.3078405742762549,1e-06,1307840.574276255,1.792733162797564,1980.0,2186828.5148929846
200.0,6.0,25.0,0.2,-6.399580441883759,0.33664898539906957,65.59812512422955,76.50000000000007,1.0365194825455326,1e-06,1036519.4825455326,2.7113768358192987,1980.0,1445907.462293182
200.0,6.0,25.0,0.25,-8.125511450531556,0.33590112854070103,65.59812512422957,76.49999999999989,1.0342168818646709,1e-06,1034216.8818646709,2.140843717845899,1980.0,1831240.6306541036
200.0,6.0,25.0,0.3,-9.85697500947566,0.33515320257265896,65.59812512422957,76.50000000000007,1.0319140683883299,1e-06,1031914.0683883299,1.7777922925458691,1980.0,2205206.9954616753
200.0,8.0,15.0,0.2,-3.56727438624307,0.5183263851208625,63.217067950936276,46.50000000000002,1.2943792150951916,1e-06,1294379.2150951917,3.7667546805084116,2640.0,1850293.0483010085
200.0,8.0,15.0,0.25,-4.6214873522838875,0.5283965086777502,63.217067950936276,46.50000000000002,1.6173091924324436,1e-06,1617309.1924324436,2.8862394036145513,2640.0,2414768.50162592
200.0,8.0,15.0,0.3,-5.68043579007344,0.5356729611919927,63.217067950936276,46.50000000000002,1.755991187145426,1e-06,1755991.187145426,2.3450050540079204,2640.0,2972104.4686398613
200.0,8.0,20.0,0.2,-4.983427414063414,0.4057143381461687,64.40759653758293,61.50000000000004,1.2719637295350252,1e-06,1271963.7295350253,3.554356935555944,2640.0,1960861.0295380678
200.0,8.0,20.0,0.25,-6.373499401407721,0.41210054701994603,64.40759653758293,61.50000000000004,1.3107447433229684,1e-06,1310744.7433229685,2.7690858188377234,2640.0,2516931.744255355
200.0,8.0,20.0,0.3,-7.768705399774549,0.4153717618690226,64.40759653758292,61.50000000000004,1.307840574277449,1e-06,1307840.5742774492,2.2754002950268606,2640.0,3063021.4891124135
200.0,8.0,25.0,0.2,-6.399580441883759,0.33351025570124265,65.59812512422955,76.50000000000007,1.0365194825451416,1e-06,1036519.4825451416,3.4492491640044856,2640.0,2020613.6665141587
200.0,8.0,25.0,0.25,-8.125511450531556,0.3359011285356884,65.59812512422957,76.49999999999989,1.0342168818639177,1e-06,1034216.8818639177,2.7151527004197984,2640.0,2566927.450865805
200.0,8.0,25.0,0.3,-9.85697500947566,0.33515320259103315,65.59812512422957,76.50000000000007,1.0319140683904744,1e-06,1031914.0683904744,2.2478231208464767,2640.0,3100599.836065132
250.0,1.0,15.0,0.2,-3.52077438624307,0.5386329936334163,62.47894022721539,37.199999999999996,1.727006566150181,1e-06,1727006.566150181,0.9148122626808125,330.0,119040.81792790347
250.0,1.0,15.0,0.25,-4.5749873522838875,0.5374519258502871,62.47894022721539,37.1999999999999,1.723219735681019,1e-06,1723219.735681019,0.7205297744950069,330.0,151138.79239247824
250.0,1.0,15.0,0.3,-5.63393579007344,0.5362706808513159,62.47894022721539,37.1999999999999,1.7194323369094546,1e-06,1719432.3369094548,0.6015997480189585,330.0,181017.36305343028
250.0,1.0,20.0,0.2,-4.921927414063413,0.4101214673597934,63.431363096532664,49.199999999999854,1.2922763130821757,1e-06,1292276.3130821758,0.8955615517942251,330.0,121599.68210093744
250.0,1.0,20.0,0.25,-6.3119994014077205,0.40921488857680466,63.431363096532664,49.199999999999854,1.2894197198618491,1e-06,1289419.7198618492,0.7233174988192179,330.0,150556.2912244957
250.0,1.0,20.0,0.3,-7.707205399774549,0.4083082062191782,63.43136309653268,49.199999999999854,1.2865627998928053,1e-06,1286562.7998928053,0.6157607660636065,330.0,176854.3986590255
250.0,1.0,25.0,0.2,-6.323080441883759,0.3309728448531402,64.38378596584997,61.19999999999998,1.0245852822555181,1e-06,1024585.2822555183,0.9019718853636484,330.0,120735.47054750464
250.0,1.0,25.0,0.25,-8.049011450531557,0.3302375975190242,64.38378596584997,61.19999999999998,1.0223091930851191,1e-06,1022309.1930851191,0.7421252648558498,330.0,146740.72580072138
250.0,1.0,25.0,0.3,-9.780475009475659,0.32950228208421645,64.38378596584998,61.19999999999998,1.0200328935673406,1e-06,1020032.8935673407,0.64134336333735,330.0,169799.8392519703
250.0,2.0,15.0,0.2,-3.52077438624307,0.5386329936334052,62.47894022721539,37.199999999999996,1.7270065661492573,1e-06,1727006.5661492574,1.3237748121553743,660.0,329058.9879790466
250.0,2.0,15.0,0.25,-4.5749873522838875,0.5374519258017648,62.47894022721539,37.1999999999999,1.7232197356822314,1e-06,1723219.7356822316,1.0312270402777177,660.0,422409.4045116286
250.0,2.0,15.0,0.3,-5.63393579007344,0.5362706807311787,62.47894022721539,37.1999999999999,1.7194323369109565,1e-06,1719432.3369109565,0.8517565227368582,660.0,511413.7530762114
250.0,2.0,20.0,0.2,-4.921927414063413,0.4101214673597712,63.431363096532664,49.199999999999854,1.2922763130811887,1e-06,1292276.3130811888,1.2769697463893963,660.0,341120.06273574557
250.0,2.0,20.0,0.25,-6.3119994014077205,0.4092148886789896,63.431363096532664,49.199999999999854,1.2894197198631256,1e-06,1289419.7198631256,1.0167932666276274,660.0,428405.669369491
250.0,2.0,20.0,0.3,-7.707205399774549,0.4083082062191782,63.43136309653268,49.199999999999854,1.2865627998881017,1e-06,1286562.7998881019,0.8537664714002233,660.0,510209.7758484148
250.0,2.0,25.0,0.2,-6.323080441883759,0.33097284481209527,64.38378596584997,61.19999999999998,1.0245852822565442,1e-06,1024585.2822565442,1.2673070868578025,660.0,343720.9532853155
250.0,2.0,25.0,0.25,-8.049011450531557,0.3302375974663108,64.38378596584997,61.19999999999998,1.0223091930864372,1e-06,1022309.1930864373,1.0249477693534161,660.0,424997.26622635254
250.0,2.0,25.0,0.3,-9.780475009475659,0.32950228208421645,64.38378596584998,61.19999999999998,1.0200328935721663,1e-06,1020032.8935721663,0.8714145879144992,660.0,499876.8738109992
250.0,3.0,15.0,0.2,-3.52077438624307,0.5386329936334108,62.47894022721539,37.199999999999996,1.727006566151566,1e-06,1727006.5661515659,1.733414970767742,990.0,565415.6774507992
250.0,3.0,15.0,0.25,-4.5749873522838875,0.5374519258502871,62.47894022721539,37.1999999999999,1.7232197356792,1e-06,1723219.7356792002,1.3427765712218416,990.0,729905.496569821
250.0,3.0,15.0,0.3,-5.63393579007344,0.5362706807611991,62.47894022721539,37.1999999999999,1.7194323369117075,1e-06,1719432.3369117077,1.1029221528754445,990.0,888639.3273040776
250.0,3.0,20.0,0.2,-4.921927414063413,0.4101214673597934,63.431363096532664,49.199999999999854,1.2922763130806951,1e-06,1292276.3130806952,1.6595851043938143,990.0,590569.2919303434
250.0,3.0,20.0,0.25,-6.3119994014077205,0.40921488865346556,63.431363096532664,49.199999999999854,1.2894197198637658,1e-06,1289419.7198637659,1.3117363139205085,990.0,747177.6069617863
250.0,3.0,20.0,0.3,-7.707205399774549,0.4083082062191782,63.43136309653268,49.199999999999854,1.2865627998904532,1e-06,1286562.7998904532,1.093458259297272,990.0,896330.510713666
250.0,3.0,25.0,0.2,-6.323080441883759,0.3309728448531402,64.38378596584997,61.19999999999998,1.024585282253979,1e-06,1024585.282253979,1.6344953102788375,990.0,599634.6357413527
250.0,3.0,25.0,0.25,-8.049011450531557,0.3302375974399763,64.38378596584997,61.19999999999998,1.022309193083143,1e-06,1022309.193083143,1.3099572133085093,990.0,748192.3760888331
250.0,3.0,25.0,0.3,-9.780475009475659,0.329502282084222,64.38378596584998,61.19999999999998,1.0200328935697536,1e-06,1020032.8935697536,1.1039317047290358,990.0,887826.6615601635
250.0,4.0,15.0,0.2,-3.52077438624307,0.5314121891892861,62.47894022721539,37.199999999999996,1.7270065661507343,1e-06,1727006.5661507344,2.1433372123923435,1320.0,812937.8755362406
250.0,4.0,15.0,0.25,-4.5749873522838875,0.5374519258211826,62.47894022721539,37.1999999999999,1.7232197356802914,1e-06,1723219.7356802914,1.6546861590907662,1320.0,1053009.351910837
250.0,4.0,15.0,0.3,-5.63393579007344,0.5362706808513159,62.47894022721539,37.1999999999999,1.719432336912159,1e-06,1719432.3369121589,1.354520663675429,1320.0,1286359.1133944597
250.0,4.0,20.0,0.2,-4.921927414063413,0.4101214673597767,63.431363096532664,49.199999999999854,1.2922763130803996,1e-06,1292276.3130803995,2.0427131117353308,1320.0,852983.216287182
250.0,4.0,20.0,0.25,-6.3119994014077205,0.4092148886381112,63.431363096532664,49.199999999999854,1.2894197198641482,1e-06,1289419.7198641482,1.6073157666846827,1320.0,1084043.369769182
250.0,4.0,20.0,0.3,-7.707205399774549,0.4083082062191782,63.43136309653268,49.199999999999854,1.2865627998918652,1e-06,1286562.7998918653,1.3338976474188122,1320.0,1306247.1497507093
250.0,4.0,25.0,0.2,-6.323080441883759,0.33097284487777606,64.38378596584997,61.19999999999998,1.0245852822549024,1e-06,1024585.2822549024,2.002487828220484,1320.0,870117.6483796099
250.0,4.0,25.0,0.25,-8.049011450531557,0.33023759742415565,64.38378596584997,61.19999999999998,1.0223091930843289,1e-06,1022309.1930843289,1.5959426676375508,1320.0,1091768.5423996137
250.0,4.0,25.0,0.3,-9.780475009475659,0.32950228200700044,64.38378596584998,61.19999999999998,1.0200328935721665,1e-06,1020032.8935721666,1.3375721105779594,1320.0,1302658.7398320648
250.0,6.0,15.0,0.2,-3.52077438624307,0.5176362237554596,62.47894022721539,37.199999999999996,1.5691663953220107,1e-06,1569166.3953220109,2.96355333193992,1980.0,1322871.4184919815
250.0,6.0,15.0,0.25,-4.5749873522838875,0.5278913707380963,62.47894022721539,37.1999999999999,1.72321973567946,1e-06,1723219.7356794602,2.278983903870057,1980.0,1720240.319970041
250.0,6.0,15.0,0.3,-5.63393579007344,0.534777328764683,62.47894022721539,37.1999999999999,1.7194323369126734,1e-06,1719432.3369126734,1.8582984250127037,1980.0,2109671.9166477253
250.0,6.0,20.0,0.2,-4.921927414063413,0.4050927451690276,63.431363096532664,49.199999999999854,1.2922763130800619,1e-06,1292276.313080062,2.8096526355776628,1980.0,1395332.6295063405
250.0,6.0,20.0,0.25,-6.3119994014077205,0.40921488866439015,63.431363096532664,49.199999999999854,1.289419719864587,1e-06,1289419.719864587,2.199334002140801,1980.0,1782539.6216236083
250.0,6.0,20.0,0.3,-7.707205399774549,0.408308206219156,63.43136309653268,49.199999999999854,1.2865627998907896,1e-06,1286562.7998907897,1.815799455399688,1980.0,2159049.0008914857
250.0,6.0,25.0,0.2,-6.323080441883759,0.33097284487071504,64.38378596584997,61.19999999999998,1.0245852822559582,1e-06,1024585.2822559583,2.739559360069782,1980.0,1431033.054855997
250.0,6.0,25.0,0.25,-8.049011450531557,0.33023759745123954,64.38378596584997,61.19999999999998,1.0223091930834254,1e-06,1022309.1930834254,2.1692544770352504,1980.0,1807256.8440001856
250.0,6.0,25.0,0.3,-9.780475009475659,0.32950228208423865,64.38378596584998,61.19999999999998,1.0200328935721665,1e-06,1020032.8935721666,1.8064236893014431,1980.0,2170254.9757394106
250.0,8.0,15.0,0.2,-3.52077438624307,0.5063892203898607,62.47894022721539,37.199999999999996,1.282142608431437,1e-06,1282142.608431437,3.783993522572093,2640.0,1841863.6180070825
250.0,8.0,15.0,0.25,-4.5749873522838875,0.5173796719962126,62.47894022721539,37.1999999999999,1.5903051593076751,1e-06,1590305.1593076752,2.90357196486046,2640.0,2400353.800197594
250.0,8.0,15.0,0.3,-5.63393579007344,0.5254078401783399,62.47894022721539,37.1999999999999,1.7194323369129594,1e-06,1719432.3369129593,2.362430753433804,2640.0,2950181.710033047
250.0,8.0,20.0,0.2,-4.921927414063413,0.39765575616561916,63.431363096532664,49.199999999999854,1.2499991149899874,1e-06,1249999.1149899873,3.577007691126995,2640.0,1948444.2309946818
250.0,8.0,20.0,0.25,-6.3119994014077205,0.4041972825035043,63.431363096532664,49.199999999999854,1.2894197198648294,1e-06,1289419.7198648294,2.7918792423321133,2640.0,2496383.0434793993
250.0,8.0,20.0,0.3,-7.707205399774549,0.4083082062191671,63.43136309653268,49.199999999999854,1.2865627998901923,1e-06,1286562.7998901925,2.2983344552721467,2640.0,3032456.8228146443
250.0,8.0,25.0,0.2,-6.323080441883759,0.3272061675643823,64.38378596584997,61.19999999999998,1.0245852822551762,1e-06,1024585.2822551762,3.4772974077706915,2640.0,2004315.1858178955
250.0,8.0,25.0,0.25,-8.049011450531557,0.33023759743116116,64.38378596584997,61.19999999999998,1.0223091930846802,1e-06,1022309.1930846802,2.743398489325479,2640.0,2540498.592209118
250.0,8.0,25.0,0.3,-9.780475009475659,0.32950228204132853,64.38378596584998,61.19999999999998,1.020032893572166,1e-06,1020032.8935721661,2.276262123181755,2640.0,3061861.7816554033
350.0,1.0,15.0,0.2,-3.467631529100213,0.5223849702241287,61.63536568582003,26.571428571428633,1.6523341045260935,1e-06,1652334.1045260937,0.9503809960505589,330.0,114585.62455746609
350.0,1.0,15.0,0.25,-4.52184449514103,0.521239529771735,61.63536568582003,26.571428571428456,1.6487110093663926,1e-06,1648711.0093663926,0.7565008672287657,330.0,143952.24740313305
350.0,1.0,15.0,0.3,-5.580792932930582,0.5200939172644988,61.63536568582003,26.571428571428456,1.645087370478288,1e-06,1645087.370478288,0.6379265555422787,330.0,170709.30666529154
350.0,1.0,20.0,0.2,-4.8516416997777,0.39781838000352426,62.31566773533241,35.14285714285717,1.2428305948236775,1e-06,1242830.5948236776,0.9426666112185089,330.0,115523.34484323548
350.0,1.0,20.0,0.25,-6.241713687122006,0.3969389974659468,62.31566773533241,35.14285714285698,1.2400833019978585,1e-06,1240083.3019978586,0.7709566508597088,330.0,141253.07807976427
350.0,1.0,20.0,0.3,-7.636919685488834,0.3960595143077353,62.31566773533241,35.14285714285698,1.2373356949143837,1e-06,1237335.6949143838,0.6638439103504896,330.0,164044.58684045784
350.0,1.0,25.0,0.2,-6.235651870455188,0.3211021590792684,62.995969784844775,43.7142857142857,0.9906621904139276,1e-06,990662.1904139277,0.9606377330657643,330.0,113362.19289706458
350.0,1.0,25.0,0.25,-7.961582879102986,0.32038883907285043,62.99596978484479,43.7142857142857,0.9884614604982125,1e-06,988461.4604982125,0.8014067639999365,330.0,135886.05049508746
350.0,1.0,25.0,0.3,-9.693046438047087,0.3196754532332047,62.995969784844775,43.7142857142857,0.9862605271972114,1e-06,986260.5271972114,0.7011006671003921,330.0,155327.19495245663
350.0,2.0,15.0,0.2,-3.467631529100213,0.522384970261038,61.63536568582003,26.571428571428633,1.6523341045270168,1e-06,1652334.1045270169,1.3589425362896472,660.0,320543.3551217912
350.0,2.0,15.0,0.25,-4.52184449514103,0.5212395297232516,61.63536568582003,26.571428571428456,1.6487110093651784,1e-06,1648711.0093651784,1.0667336641611316,660.0,408349.3515155457
350.0,2.0,15.0,0.3,-5.580792932930582,0.5200939173245508,61.63536568582003,26.571428571428456,1.6450873704797897,1e-06,1645087.3704797898,0.8875788872212085,660.0,490773.27803926996
350.0,2.0,20.0,0.2,-4.8516416997777,0.39781838008251663,62.31566773533241,35.14285714285717,1.2428305948207166,1e-06,1242830.5948207167,1.3234619399659096,660.0,329136.7789626201
350.0,2.0,20.0,0.25,-6.241713687122006,0.3969389974659357,62.31566773533241,35.14285714285698,1.240083301996581,1e-06,1240083.301996581,1.0637718503426092,660.0,409486.30090155726
350.0,2.0,20.0,0.3,-7.636919685488834,0.3960595142450077,62.31566773533241,35.14285714285698,1.237335694912816,1e-06,1237335.6949128162,0.9011818418333797,660.0,483365.26523194026
350.0,2.0,25.0,0.2,-6.235651870455188,0.32110215907930173,62.995969784844775,43.7142857142857,0.9906621904129015,1e-06,990662.1904129016,1.3251812783381425,660.0,328709.74493864627
350.0,2.0,25.0,0.25,-7.961582879102986,0.3203888391782328,62.99596978484479,43.7142857142857,0.9884614604942599,1e-06,988461.46049426,1.0834395768476457,660.0,402052.8779901258
350.0,2.0,25.0,0.3,-9.693046438047087,0.31967545316886725,62.995969784844775,43.7142857142857,0.9862605272020366,1e-06,986260.5272020367,0.9304383870613306,660.0,468166.4106484109
350.0,3.0,15.0,0.2,-3.467631529100213,0.5223849702795343,61.63536568582003,26.571428571428633,1.6523341045274789,1e-06,1652334.104527479,1.7683570128696116,990.0,554243.2850759797
350.0,3.0,15.0,0.25,-4.52184449514103,0.521239529698971,61.63536568582003,26.571428571428456,1.6487110093645734,1e-06,1648711.0093645735,1.3780103286787984,990.0,711242.8547177112
350.0,3.0,15.0,0.3,-5.580792932930582,0.5200939172644988,61.63536568582003,26.571428571428456,1.6450873704760351,1e-06,1645087.3704760352,1.138434325476194,990.0,860919.2274574429
350.0,3.0,20.0,0.2,-4.8516416997777,0.39781838000352426,62.31566773533241,35.14285714285717,1.242830594822197,1e-06,1242830.594822197,1.705710808416692,990.0,574599.1613371832
350.0,3.0,20.0,0.25,-6.241713687122006,0.3969389973892859,62.31566773533241,35.14285714285698,1.240083301995942,1e-06,1240083.3019959421,1.3582938286496133,990.0,721566.9977492237
350.0,3.0,20.0,0.3,-7.636919685488834,0.3960595143077353,62.31566773533241,35.14285714285698,1.2373356949120318,1e-06,1237335.6949120318,1.1404174135047445,990.0,859422.1627920824
350.0,3.0,25.0,0.2,-6.235651870455188,0.3211021590792684,62.995969784844775,43.7142857142857,0.9906621904123883,1e-06,990662.1904123884,1.69186155531306,990.0,579302.7194938794
350.0,3.0,25.0,0.25,-7.961582879102986,0.3203888391518983,62.99596978484479,43.7142857142857,0.9884614604962363,1e-06,988461.4604962363,1.3678941220493583,990.0,716502.8229901515
350.0,3.0,25.0,0.3,-9.693046438047087,0.3196754532331991,62.995969784844775,43.7142857142857,0.9862605271996241,1e-06,986260.5271996241,1.1623843133441771,990.0,843180.6836589652
350.0,4.0,15.0,0.2,-3.467631529100213,0.5135854576722516,61.63536568582003,26.571428571428633,1.652334104525539,1e-06,1652334.104525539,2.1781353027056714,1320.0,799950.3051236521
350.0,4.0,15.0,0.25,-4.52184449514103,0.5212395298008506,61.63536568582003,26.571428571428456,1.6487110093642094,1e-06,1648711.0093642096,1.689742059869335,1320.0,1031163.3008263622
350.0,4.0,15.0,0.3,-5.580792932930582,0.5200939173005478,61.63536568582003,26.571428571428456,1.6450873704773865,1e-06,1645087.3704773865,1.3898259920266456,1320.0,1253682.122795265
350.0,4.0,20.0,0.2,-4.8516416997777,0.3978183800509086,62.31566773533241,35.14285714285717,1.2428305948207168,1e-06,1242830.594820717,2.0885978237969303,1320.0,834243.9028459936
350.0,4.0,20.0,0.25,-6.241713687122006,0.396938997404607,62.31566773533241,35.14285714285698,1.2400833019955588,1e-06,1240083.301995559,1.653587515789404,1320.0,1053708.9711687851
350.0,4.0,20.0,0.3,-7.636919685488834,0.3960595142700876,62.31566773533241,35.14285714285698,1.2373356949115621,1e-06,1237335.6949115621,1.3805365892366486,1320.0,1262117.9428235507
350.0,4.0,25.0,0.2,-6.235651870455188,0.3211021590792795,62.995969784844775,43.7142857142857,0.9906621904120807,1e-06,990662.1904120807,2.0595083089770934,1320.0,846027.1766834516
350.0,4.0,25.0,0.25,-7.961582879102986,0.32038883913608873,62.99596978484479,43.7142857142857,0.9884614604942601,1e-06,988461.4604942602,1.653485008722187,1320.0,1053774.2953874897
350.0,4.0,25.0,0.3,-9.693046438047087,0.31967545327179603,62.995969784844775,43.7142857142857,0.986260527202037,1e-06,986260.527202037,1.3955988785056945,1320.0,1248496.2741340369
350.0,6.0,15.0,0.2,-3.467631529100213,0.49876605140548325,61.63536568582003,26.571428571428633,1.520228959024023,1e-06,1520228.959024023,2.9981787885656157,1980.0,1307593.8015943312
350.0,6.0,15.0,0.25,-4.52184449514103,0.5102903626144388,61.63536568582003,26.571428571428456,1.6487110093658721,1e-06,1648711.0093658722,2.3138229130522197,1980.0,1694338.8268329082
350.0,6.0,15.0,0.3,-5.580792932930582,0.5177898488282447,61.63536568582003,26.571428571428456,1.6450873704763558,1e-06,1645087.3704763558,1.8933470622119473,1980.0,2070618.7884116187
350.0,6.0,20.0,0.2,-4.8516416997777,0.3915565622891873,62.31566773533241,35.14285714285717,1.2428305948207168,1e-06,1242830.594820717,2.8552414772324113,1980.0,1373053.7438816025
350.0,6.0,20.0,0.25,-6.241713687122006,0.3969389974659357,62.31566773533241,35.14285714285698,1.2400833019951212,1e-06,1240083.3019951212,2.2452463445708006,1980.0,1746089.024698722
350.0,6.0,20.0,0.3,-7.636919685488834,0.3960595142808568,62.31566773533241,35.14285714285698,1.2373356949137122,1e-06,1237335.6949137123,1.8620252791319083,1980.0,2105449.3963839863
350.0,6.0,25.0,0.2,-6.235651870455188,0.3211021591144625,62.995969784844775,43.7142857142857,0.9906621904134877,1e-06,990662.1904134877,2.796144011910534,1980.0,1402073.70696951
350.0,6.0,25.0,0.25,-7.961582879102986,0.3203888391631948,62.99596978484479,43.7142857142857,0.9884614604965188,1e-06,988461.4604965189,2.2262828602084688,1980.0,1760962.2164691573
350.0,6.0,25.0,0.3,-9.693046438047087,0.3196754532607826,62.995969784844775,43.7142857142857,0.9862605271992795,1e-06,986260.5271992795,1.8638759423430422,1980.0,2103358.872196044
350.0,8.0,15.0,0.2,-3.467631529100213,0.48705400639687707,61.63536568582003,26.571428571428633,1.2580575852891962,1e-06,1258057.5852891963,3.818519242213162,2640.0,1825210.129348599
350.0,8.0,15.0,0.25,-4.52184449514103,0.49925490627572744,61.63536568582003,26.571428571428456,1.538303856358855,1e-06,1538303.856358855,2.9382839890593684,2640.0,2371996.7252829005
350.0,8.0,15.0,0.3,-5.580792932930582,0.5076587734695677,61.63536568582003,26.571428571428456,1.6450873704777873,1e-06,1645087.3704777875,2.3973270171083803,2640.0,2907237.915504171
350.0,8.0,20.0,0.2,-4.8516416997777,0.3834969313188809,62.31566773533241,35.14285714285717,1.2059209516717113,1e-06,1205920.9516717114,3.6224223843887198,2640.0,1924016.3792152894
350.0,8.0,20.0,0.25,-6.241713687122006,0.39122142561027196,62.31566773533241,35.14285714285698,1.2400833019948776,1e-06,1240083.3019948776,2.8375759992152987,2640.0,2456180.9100187514
350.0,8.0,20.0,0.3,-7.636919685488834,0.3960595142449966,62.31566773533241,35.14285714285698,1.2373356949128158,1e-06,1237335.694912816,2.344307534628496,2640.0,2972988.7811432034
350.0,8.0,25.0,0.2,-6.235651870455188,0.3164069182445588,62.995969784844775,43.7142857142857,0.9906621904129015,1e-06,990662.1904129016,3.5336201912467686,2640.0,1972368.172806063
350.0,8.0,25.0,0.25,-7.961582879102986,0.320388839107989,62.99596978484479,43.7142857142857,0.9884614604960162,1e-06,988461.4604960163,2.8001101266401736,2640.0,2489044.9606575863
350.0,8.0,25.0,0.3,-9.693046438047087,0.3196754532546431,62.995969784844775,43.7142857142857,0.986260527199892,1e-06,986260.527199892,2.33335073518764,2640.0,2986949.1520911576
500.0,1.0,15.0,0.2,-3.42777438624307,0.502113140389739,61.002684779773546,18.59999999999995,1.5515301808688633,1e-06,1551530.1808688634,1.003650189590607,330.0,108503.94004749878
500.0,1.0,15.0,0.25,-4.481987352283888,0.5010121502939353,61.002684779773546,18.600000000000044,1.548128119825836,1e-06,1548128.1198258363,0.8102843300991585,330.0,134397.2676685891
500.0,1.0,15.0,0.3,-5.54093579007344,0.4999109946958309,61.002684779773546,18.600000000000044,1.5447255482269562,1e-06,1544725.5482269563,0.6921459373760367,330.0,157336.76110683518
500.0,1.0,20.0,0.2,-4.798927414063414,0.38243663933405087,61.47889621443219,24.60000000000002,1.1714953667752195,1e-06,1171495.3667752196,1.0131247095623719,330.0,107489.23500941983
500.0,1.0,20.0,0.25,-6.188999401407721,0.3815912581554906,61.47889621443219,24.60000000000002,1.1689057613795697,1e-06,1168905.7613795698,0.8420528476703915,330.0,129326.79973861595
500.0,1.0,20.0,0.3,-7.584205399774549,0.38074578047487945,61.47889621443219,24.60000000000002,1.1663158597566692,1e-06,1166315.8597566693,0.7354444702390498,330.0,148073.72195565357
500.0,1.0,25.0,0.2,-6.1700804418837585,0.30873366270061764,61.95510764909085,30.59999999999999,0.9374670416371228,1e-06,937467.0416371229,1.0483055505490753,330.0,103881.92635530834
500.0,1.0,25.0,0.25,-7.896011450531557,0.30804781900087397,61.95510764909085,30.59999999999999,0.935384483337068,1e-06,935384.4833370681,0.8897663953037247,330.0,122391.67558449612
500.0,1.0,25.0,0.3,-9.62747500947566,0.30736191203860724,61.95510764909085,30.600000000000172,0.9333017325797952,1e-06,933301.7325797953,0.7899660461392988,330.0,137854.02617266047
500.0,2.0,15.0,0.2,-3.42777438624307,0.5021131403528019,61.002684779773546,18.59999999999995,1.5515301808697868,1e-06,1551530.1808697868,1.4116870911262056,660.0,308566.9641226868
500.0,2.0,15.0,0.25,-4.481987352283888,0.5010121502454075,61.002684779773546,18.600000000000044,1.5481281198221968,1e-06,1548128.119822197,1.119940413088195,660.0,388949.2645406454
500.0,2.0,15.0,0.3,-5.54093579007344,0.49991099475589396,61.002684779773546,18.600000000000044,1.5447255482254543,1e-06,1544725.5482254543,0.9412041692668341,660.0,462811.3795323681
500.0,2.0,20.0,0.2,-4.798927414063414,0.3824366392550918,61.47889621443219,24.60000000000002,1.1714953667742327,1e-06,1171495.3667742328,1.3931670832233491,660.0,312668.8860550445
500.0,2.0,20.0,0.25,-6.188999401407721,0.3815912583087791,61.47889621443219,24.60000000000002,1.1689057613782916,1e-06,1168905.7613782918,1.1341108282242804,660.0,384089.4462510645
500.0,2.0,20.0,0.3,-7.584205399774549,0.38074578047487945,61.47889621443219,24.60000000000002,1.1663158597613736,1e-06,1166315.8597613736,0.9720699760368018,660.0,448115.88747548
500.0,2.0,25.0,0.2,-6.1700804418837585,0.30873366265958935,61.95510764909085,30.59999999999999,0.9374670416360966,1e-06,937467.0416360967,1.4119341175191655,660.0,308512.97847053205
500.0,2.0,25.0,0.25,-7.896011450531557,0.3080478189481606,61.95510764909085,30.59999999999999,0.9353844833383859,1e-06,935384.4833383859,1.1709639225576136,660.0,372001.2133666464
500.0,2.0,25.0,0.3,-9.62747500947566,0.30736191190991574,61.95510764909085,30.600000000000172,0.9333017325814038,1e-06,933301.7325814038,1.0186003801383559,660.0,427645.6287409128
500.0,3.0,15.0,0.2,-3.42777438624307,0.5021131403897334,61.002684779773546,18.59999999999995,1.5515301808702486,1e-06,1551530.1808702487,1.8207914038095976,990.0,538282.4182656842
500.0,3.0,15.0,0.25,-4.481987352283888,0.5010121502211713,61.002684779773546,18.600000000000044,1.548128119824017,1e-06,1548128.1198240172,1.4308555777041871,990.0,684974.7907979462
500.0,3.0,15.0,0.3,-5.54093579007344,0.4999109946958309,61.002684779773546,18.600000000000044,1.5447255482247029,1e-06,1544725.548224703,1.1916635704633936,990.0,822463.675396971
500.0,3.0,20.0,0.2,-4.798927414063414,0.38243663933405087,61.47889621443219,24.60000000000002,1.1714953667766999,1e-06,1171495.3667767,1.7749337318702096,990.0,552189.62961918
500.0,3.0,20.0,0.25,-6.188999401407721,0.3815912582321515,61.47889621443219,24.60000000000002,1.1689057613776532,1e-06,1168905.7613776533,1.4281048673117844,990.0,686294.1387805131
500.0,3.0,20.0,0.3,-7.584205399774549,0.38074578047487945,61.47889621443219,24.60000000000002,1.166315859759021,1e-06,1166315.859759021,1.2107607864469623,990.0,809491.0332173477
500.0,3.0,25.0,0.2,-6.1700804418837585,0.30873366270061764,61.95510764909085,30.59999999999999,0.9374670416355836,1e-06,937467.0416355836,1.7779733601596428,990.0,551245.6046653014
500.0,3.0,25.0,0.25,-7.896011450531557,0.30804781900087674,61.95510764909085,30.59999999999999,0.9353844833390443,1e-06,935384.4833390444,1.4547588449811644,990.0,673719.911297525
500.0,3.0,25.0,0.3,-9.62747500947566,0.30736191194209556,61.95510764909085,30.600000000000172,0.9333017325822082,1e-06,933301.7325822082,1.2499077537417633,990.0,784137.86702734
500.0,4.0,15.0,0.2,-3.42777438624307,0.49241807418730804,61.002684779773546,18.59999999999995,1.551530180870525,1e-06,1551530.180870525,2.230366560150507,1320.0,781216.8775891355
500.0,4.0,15.0,0.25,-4.481987352283888,0.5010121502066052,61.002684779773546,18.600000000000044,1.5481281198251085,1e-06,1548128.1198251084,1.7423433318850894,1320.0,1000032.5240805722
500.0,4.0,15.0,0.3,-5.54093579007344,0.49991099473186873,61.002684779773546,18.600000000000044,1.5447255482242528,1e-06,1544725.5482242529,1.4427794656799002,1320.0,1207668.9760613593
500.0,4.0,20.0,0.2,-4.798927414063414,0.3824366392866499,61.47889621443219,24.60000000000002,1.1714953667758117,1e-06,1171495.3667758116,2.1574917546828005,1320.0,807604.4769200853
500.0,4.0,20.0,0.25,-6.188999401407721,0.38159125818613276,61.47889621443219,24.60000000000002,1.1689057613772698,1e-06,1168905.7613772699,1.7230226750811224,1320.0,1011246.1229902069
500.0,4.0,20.0,0.3,-7.584205399774549,0.38074578047485724,61.47889621443219,24.60000000000002,1.1663158597613736,1e-06,1166315.8597613736,1.450474254531439,1320.0,1201262.2730507303
500.0,4.0,25.0,0.2,-6.1700804418837585,0.3087336627252535,61.95510764909085,30.59999999999999,0.9374670416352756,1e-06,937467.0416352757,2.1451627446778376,1320.0,812246.0658627908
500.0,4.0,25.0,0.25,-7.896011450531557,0.30804781903248757,61.95510764909085,30.59999999999999,0.9353844833362779,1e-06,935384.4833362779,1.7398512083912188,1320.0,1001464.9480349174
500.0,4.0,25.0,0.3,-9.62747500947566,0.30736191196140233,61.95510764909085,30.600000000000172,0.9333017325826907,1e-06,933301.7325826907,1.4826086728038996,1320.0,1175225.824562853
500.0,6.0,15.0,0.2,-3.42777438624307,0.47570777101433054,61.002684779773546,18.59999999999995,1.4522741686734846,1e-06,1452274.1686734846,3.0501611918750258,1980.0,1285309.1208566627
500.0,6.0,15.0,0.25,-4.481987352283888,0.4883712093435341,61.002684779773546,18.600000000000044,1.5481281198242764,1e-06,1548128.1198242765,2.3661181657893002,1980.0,1656891.0448697796
500.0,6.0,15.0,0.3,-5.54093579007344,0.49723528190260996,61.002684779773546,18.600000000000044,1.5447255482237376,1e-06,1544725.5482237376,1.9459460937361837,1980.0,2014649.8469918547
500.0,6.0,20.0,0.2,-4.798927414063414,0.375233252480124,61.47889621443219,24.60000000000002,1.1714953667747967,1e-06,1171495.3667747967,2.9237192697878553,1980.0,1340894.8117937683
500.0,6.0,20.0,0.25,-6.188999401407721,0.3815912582211825,61.47889621443219,24.60000000000002,1.168905761376832,1e-06,1168905.7613768321,2.3141900340737185,1980.0,1694070.0384483272
500.0,6.0,20.0,0.3,-7.584205399774549,0.38074578047487945,61.47889621443219,24.60000000000002,1.1663158597613734,1e-06,1166315.8597613734,1.931413784938,1980.0,2029808.4390683004
500.0,6.0,25.0,0.2,-6.1700804418837585,0.30873366268303726,61.95510764909085,30.59999999999999,0.937467041634924,1e-06,937467.041634924,2.8811995175257303,1980.0,1360683.2765842949
500.0,6.0,25.0,0.25,-7.896011450531557,0.3080478190234559,61.95510764909085,30.59999999999999,0.9353844833376331,1e-06,935384.4833376332,2.311966820516625,1980.0,1695699.0754408664
500.0,6.0,25.0,0.3,-9.62747500947566,0.30736191192830103,61.95510764909085,30.600000000000172,0.9333017325832422,1e-06,933301.7325832422,1.9501492118510093,1980.0,2010307.711930874
500.0,8.0,15.0,0.2,-3.42777438624307,0.4630742785469741,61.002684779773546,18.59999999999995,1.2231547433625138,1e-06,1223154.7433625138,3.87035533186131,2640.0,1800764.8916948973
500.0,8.0,15.0,0.25,-4.481987352283888,0.4761361827152272,61.002684779773546,18.600000000000044,1.4665181477896023,1e-06,1466518.1477896024,2.9903958881722965,2640.0,2330661.3106198986
500.0,8.0,15.0,0.3,-5.54093579007344,0.48556099424137583,61.002684779773546,18.600000000000044,1.5447255482234523,1e-06,1544725.5482234524,2.449709523548666,2640.0,2845072.010784278
500.0,8.0,20.0,0.2,-4.798927414063414,0.3662154803914333,61.47889621443219,24.60000000000002,1.1446361395727407,1e-06,1144636.1395727408,3.690649175445124,2640.0,1888448.256304233
500.0,8.0,20.0,0.25,-6.188999401407721,0.37501244156161756,61.47889621443219,24.60000000000002,1.1689057613765887,1e-06,1168905.7613765888,2.9062153766549295,2640.0,2398170.5058700945
500.0,8.0,20.0,0.3,-7.584205399774549,0.38074578047486834,61.47889621443219,24.60000000000002,1.1663158597592826,1e-06,1166315.8597592828,2.4133466809670465,2640.0,2887939.8285236116
500.0,8.0,25.0,0.2,-6.1700804418837585,0.3033553676927493,61.95510764909085,30.59999999999999,0.9374670416347286,1e-06,937467.0416347287,3.6183044247808365,2640.0,1926206.0848907577
500.0,8.0,25.0,0.25,-7.896011450531557,0.30804781901842937,61.95510764909085,30.59999999999999,0.935384483336629,1e-06,935384.4833366291,2.885356409237154,2640.0,2415507.483819879
500.0,8.0,25.0,0.3,-9.62747500947566,0.3073619119099296,61.95510764909085,30.600000000000172,0.9333017325814036,1e-06,933301.7325814036,2.4191343409774384,2640.0,2881030.5744260447
750.0,1.0,15.0,0.2,-3.3967743862430697,0.47479959143797046,60.510599630626274,12.399999999999938,1.414737634204511,1e-06,1414737.634204511,1.0921771683279473,330.0,99709.09771600414
750.0,1.0,15.0,0.25,-4.450987352283888,0.4737584920200172,60.51059963062627,12.400000000000029,1.4116355200106028,1e-06,1411635.520010603,0.8994918544475081,330.0,121068.35594068751
750.0,1.0,15.0,0.3,-5.50993579007344,0.4727172363663895,60.51059963062627,12.400000000000029,1.4085329402783013,1e-06,1408532.9402783015,0.781901949609655,330.0,139275.77499245986
750.0,1.0,20.0,0.2,-4.757927414063413,0.36168180841882464,60.8280739203987,16.39999999999995,1.0713960753881142,1e-06,1071396.0753881142,1.1299808525511963,330.0,96373.31442752571
750.0,1.0,20.0,0.25,-6.147999401407721,0.36088230606227245,60.8280739203987,16.39999999999995,1.069027740746006,1e-06,1069027.7407460061,0.9596809584888235,330.0,113475.21177400567
750.0,1.0,20.0,0.3,-7.543205399774549,0.3600827124534701,60.82807392039871,16.39999999999995,1.0666591351970938,1e-06,1066659.1351970937,0.8536507831557549,330.0,127569.73009199522
750.0,1.0,25.0,0.2,-6.119080441883759,0.2920189836025443,61.14554821017113,20.400000000000052,0.8599599122555096,1e-06,859959.9122555096,1.193458462753188,330.0,91247.41530491033
750.0,1.0,25.0,0.25,-7.845011450531557,0.2913702710486753,61.14554821017114,20.400000000000052,0.8580495339986135,1e-06,858049.5339986136,1.0356916508950726,330.0,105147.12550389461
750.0,1.0,25.0,0.3,-9.57647500947566,0.290721498747588,61.14554821017115,20.400000000000233,0.8561389792002356,1e-06,856138.9792002357,0.9364277245880839,330.0,116293.01134575332
750.0,2.0,15.0,0.2,-3.3967743862430697,0.47479959143793715,60.510599630626274,12.399999999999938,1.4147376342035871,1e-06,1414737.6342035872,1.499505930388656,660.0,290495.6833929274
750.0,2.0,15.0,0.25,-4.450987352283888,0.4737584920685173,60.51059963062627,12.400000000000029,1.4116355200069635,1e-06,1411635.5200069635,1.20842766021317,660.0,360468.4122532903
750.0,2.0,15.0,0.3,-5.50993579007344,0.47271723642649144,60.51059963062627,12.400000000000029,1.4085329402737952,1e-06,1408532.9402737953,1.0302746031662597,660.0,422799.9007850001
750.0,2.0,20.0,0.2,-4.757927414063413,0.361681808379334,60.8280739203987,16.39999999999995,1.0713960753891012,1e-06,1071396.0753891012,1.5091007549504987,660.0,288648.7191600991
750.0,2.0,20.0,0.25,-6.147999401407721,0.3608823061644685,60.8280739203987,16.39999999999995,1.0690277407447282,1e-06,1069027.7407447281,1.2509040041209876,660.0,348228.1602464746
750.0,2.0,20.0,0.3,-7.543205399774549,0.3600827125162088,60.82807392039871,16.39999999999995,1.0666591351955257,1e-06,1066659.1351955258,1.0895761058505564,660.0,399788.50275902235
750.0,2.0,25.0,0.2,-6.119080441883759,0.29201898360253875,61.14554821017113,20.400000000000052,0.859959912256536,1e-06,859959.9122565361,1.556071515158023,660.0,279935.72002104524
750.0,2.0,25.0,0.25,-7.845011450531557,0.29137027115406877,61.14554821017114,20.400000000000052,0.8580495339999311,1e-06,858049.5339999312,1.3160873731027647,660.0,330981.0647092857
750.0,2.0,25.0,0.3,-9.57647500947566,0.29072149868324504,61.14554821017115,20.400000000000233,0.8561389792018442,1e-06,856138.9792018443,1.1645017356856704,660.0,374065.56525526714
750.0,3.0,15.0,0.2,-3.3967743862430697,0.4747592723552202,60.510599630626274,12.399999999999938,1.414737634203126,1e-06,1414737.634203126,1.9081597040304477,990.0,513636.2527359822
750.0,3.0,15.0,0.25,-4.450987352283888,0.4737584920200172,60.51059963062627,12.400000000000029,1.4116355200087838,1e-06,1411635.5200087838,1.5188458347921716,990.0,645292.6146609937
750.0,3.0,15.0,0.3,-5.50993579007344,0.4727172363663895,60.51059963062627,12.400000000000029,1.4085329402760485,1e-06,1408532.9402760486,1.2802187154026603,990.0,765572.3105811138
750.0,3.0,20.0,0.2,-4.757927414063413,0.36168180835960534,60.8280739203987,16.39999999999995,1.0713960753895948,1e-06,1071396.0753895948,1.8902131323536597,990.0,518512.9566736196
750.0,3.0,20.0,0.25,-6.147999401407721,0.36088230613893335,60.8280739203987,16.39999999999995,1.0690277407479225,1e-06,1069027.7407479226,1.5442316303495227,990.0,634684.5775838456
750.0,3.0,20.0,0.3,-7.543205399774549,0.3600827124534701,60.82807392039871,16.39999999999995,1.0666591351947419,1e-06,1066659.135194742,1.327627998858815,990.0,738233.9035049437
750.0,3.0,25.0,0.2,-6.119080441883759,0.2920189836025443,61.14554821017113,20.400000000000052,0.8599599122539704,1e-06,859959.9122539704,1.921297440043669,990.0,510124.0336726433
750.0,3.0,25.0,0.25,-7.845011450531557,0.29137027112772595,61.14554821017114,20.400000000000052,0.8580495340005898,1e-06,858049.5340005899,1.5991181913232877,990.0,612900.2879949459
750.0,3.0,25.0,0.3,-9.57647500947566,0.290721498747588,61.14554821017115,20.400000000000233,0.8561389791978227,1e-06,856138.9791978227,1.3951375495817135,990.0,702511.3762394618
750.0,4.0,15.0,0.2,-3.3967743862430697,0.46382703962423333,60.510599630626274,12.399999999999938,1.4147376342028488,1e-06,1414737.634202849,2.317427769995552,1320.0,751868.0938234136
750.0,4.0,15.0,0.25,-4.450987352283888,0.4737584920491439,60.51059963062627,12.400000000000029,1.4116355200098745,1e-06,1411635.5200098746,1.8299802213756498,1320.0,952141.438277506
750.0,4.0,15.0,0.3,-5.50993579007344,0.4727172363303461,60.51059963062627,12.400000000000029,1.4085329402737956,1e-06,1408532.9402737957,1.5309519233576259,1320.0,1138115.42571411
750.0,4.0,20.0,0.2,-4.757927414063413,0.36168180834777036,60.8280739203987,16.39999999999995,1.0713960753898906,1e-06,1071396.0753898907,2.2722994174983984,1320.0,766800.354998211
750.0,4.0,20.0,0.25,-6.147999401407721,0.36088230612359007,60.8280739203987,16.39999999999995,1.0690277407467723,1e-06,1069027.7407467724,1.8386397751046297,1320.0,947657.0797566081
750.0,4.0,20.0,0.3,-7.543205399774549,0.3600827124910956,60.82807392039871,16.39999999999995,1.0666591351980348,1e-06,1066659.1351980348,1.5668213645559688,1320.0,1112060.404214484
750.0,4.0,25.0,0.2,-6.119080441883759,0.29201898360253875,61.14554821017113,20.400000000000052,0.8599599122548937,1e-06,859959.9122548937,2.2878640183981163,1320.0,761583.724377102
750.0,4.0,25.0,0.25,-7.845011450531557,0.29137027117515746,61.14554821017114,20.400000000000052,0.8580495340009853,1e-06,858049.5340009853,1.883577080175753,1320.0,925048.4189568817
750.0,4.0,25.0,0.3,-9.57647500947566,0.29072149878619047,61.14554821017115,20.400000000000233,0.856138979199271,1e-06,856138.979199271,1.6272301720952216,1320.0,1070776.605473389
750.0,6.0,15.0,0.2,-3.3967743862430697,0.4465690369280255,60.510599630626274,12.399999999999938,1.3524661201367365,1e-06,1352466.1201367367,3.1368337156570933,1980.0,1249795.2889347747
750.0,6.0,15.0,0.25,-4.450987352283888,0.459943767981254,60.51059963062627,12.400000000000029,1.4116355200090431,1e-06,1411635.5200090432,2.453292478039014,1980.0,1598015.7421481546
750.0,6.0,15.0,0.3,-5.50993579007344,0.4695383545749515,60.51059963062627,12.400000000000029,1.4085329402737945,1e-06,1408532.9402737946,2.033599999570388,1980.0,1927812.746276658
750.0,6.0,20.0,0.2,-4.757927414063413,0.35394542563254083,60.8280739203987,16.39999999999995,1.071396075390229,1e-06,1071396.075390229,3.0379025670297306,1980.0,1290495.6342405411
750.0,6.0,20.0,0.25,-6.147999401407721,0.36088230614989125,60.8280739203987,16.39999999999995,1.0690277407476485,1e-06,1069027.7407476485,2.429100521727726,1980.0,1613930.738943471
750.0,6.0,20.0,0.3,-7.543205399774549,0.3600827124265916,60.82807392039871,16.39999999999995,1.0666591351964219,1e-06,1066659.135196422,2.047004206418538,1980.0,1915189.029757382
750.0,6.0,25.0,0.2,-6.119080441883759,0.2920189836025443,61.14554821017113,20.400000000000052,0.8599599122559498,1e-06,859959.9122559498,3.023036603016795,1980.0,1296841.7240094594
750.0,6.0,25.0,0.25,-7.845011450531557,0.29137027118418357,61.14554821017114,20.400000000000052,0.8580495340014371,1e-06,858049.5340014371,2.4547585152325424,1980.0,1597061.3710769084
750.0,6.0,25.0,0.3,-9.57647500947566,0.2907214987200045,61.14554821017115,20.400000000000233,0.8561389792009252,1e-06,856138.9792009252,2.093813686527534,1980.0,1872372.8979447791
750.0,8.0,15.0,0.2,-3.3967743862430697,0.4326680465655112,60.510599630626274,12.399999999999938,1.16835307371707,1e-06,1168353.07371707,3.9567930843017267,2640.0,1761426.4510447497
750.0,8.0,15.0,0.25,-4.450987352283888,0.4468237045885202,60.51059963062627,12.400000000000029,1.3620146475112767,1e-06,1362014.6475112766,3.077283104334018,2640.0,2264854.9917893736
750.0,8.0,15.0,0.3,-5.50993579007344,0.45694343716784647,60.51059963062627,12.400000000000029,1.4085329402757978,1e-06,1408532.9402757979,2.537032584389597,2640.0,2747146.4272410464
750.0,8.0,20.0,0.2,-4.757927414063413,0.3437049500751256,60.8280739203987,16.39999999999995,1.0566224928481263,1e-06,1056622.4928481262,3.8044415437770414,2640.0,1831964.0135883377
750.0,8.0,20.0,0.25,-6.147999401407721,0.3531940204759365,60.8280739203987,16.39999999999995,1.0690277407464315,1e-06,1069027.7407464315,3.0206668051358916,2640.0,2307305.1248651226
750.0,8.0,20.0,0.3,-7.543205399774549,0.36008209331830476,60.82807392039871,16.39999999999995,1.0666591351955257,1e-06,1066659.1351955258,2.5284266229582832,2640.0,2756496.8414410623
750.0,8.0,25.0,0.2,-6.119080441883759,0.28575504135072854,61.14554821017113,20.400000000000052,0.8599599122551677,1e-06,859959.9122551677,3.7595797655504906,2640.0,1853824.2129780925
750.0,8.0,25.0,0.25,-7.845011450531557,0.2913702711540799,61.14554821017114,20.400000000000052,0.8580495339999309,1e-06,858049.533999931,3.0275113764532624,2640.0,2302088.789560522
750.0,8.0,25.0,0.3,-9.57647500947566,0.29072149876903197,61.14554821017115,20.400000000000233,0.8561389791996996,1e-06,856138.9791996997,2.5621138153785163,2640.0,2720253.861544531
1000.0,1.0,15.0,0.2,-3.38127438624307,0.45242393569403117,60.26455705605262,9.300000000000022,1.3063045646938647,1e-06,1306304.5646938647,1.180424959468634,330.0,92254.91135753442
1000.0,1.0,15.0,0.25,-4.435487352283888,0.4514318996238236,60.26455705605262,9.299999999999931,1.3034402131446214,1e-06,1303440.2131446216,0.9882687496465543,330.0,110192.69812887146
1000.0,1.0,15.0,0.3,-5.49443579007344,0.4504397146536514,60.26455705605262,9.299999999999931,1.3005754317363007,1e-06,1300575.4317363007,0.871088111077381,330.0,125016.05591345986
1000.0,1.0,20.0,0.2,-4.737427414063413,0.3446644697592939,60.50266277338195,12.30000000000001,0.9907656559641803,1e-06,990765.6559641804,1.2462474528390013,330.0,87382.32503659002
1000.0,1.0,20.0,0.25,-6.127499401407721,0.34390258442812527,60.50266277338195,12.30000000000001,0.9885755558856268,1e-06,988575.5558856269,1.0764986448702474,330.0,101161.29780463026
1000.0,1.0,20.0,0.3,-7.522705399774549,0.34314061215018465,60.50266277338196,12.30000000000001,0.9863852052949871,1e-06,986385.2052949871,0.9708686423378862,330.0,112167.5943078818
1000.0,1.0,25.0,0.2,-6.093580441883759,0.27830190416936,60.74076849071128,15.300000000000086,0.7964493691869003,1e-06,796449.3691869004,1.3376638857617202,330.0,81410.58539379487
1000.0,1.0,25.0,0.25,-7.819511450531557,0.2776836638631301,60.740768490711275,15.300000000000086,0.7946800779249846,1e-06,794680.0779249846,1.180411266318244,330.0,92255.98154418165
1000.0,1.0,25.0,0.3,-9.550975009475659,0.27706536626558403,60.740768490711275,15.299999999999724,0.7929106231619015,1e-06,792910.6231619016,1.0815016475587416,330.0,100693.32787963701
1000.0,2.0,15.0,0.2,-3.38127438624307,0.4524239356201514,60.26455705605262,9.300000000000022,1.3063045646929405,1e-06,1306304.5646929406,1.5872035142462746,660.0,274444.95686292386
1000.0,2.0,15.0,0.25,-4.435487352283888,0.45143189952678453,60.26455705605262,9.299999999999931,1.3034402131482592,1e-06,1303440.2131482593,1.2966946894649776,660.0,335931.0433975253
1000.0,2.0,15.0,0.3,-5.49443579007344,0.4504397147137478,60.26455705605262,9.299999999999931,1.300575431737802,1e-06,1300575.431737802,1.1190212235450911,660.0,389268.756333331
1000.0,2.0,20.0,0.2,-4.737427414063413,0.3446644696803348,60.50266277338195,12.30000000000001,0.9907656559631933,1e-06,990765.6559631934,1.6247306347820698,660.0,268105.9805697751
1000.0,2.0,20.0,0.25,-6.127499401407721,0.3439025845303546,60.50266277338195,12.30000000000001,0.9885755558869042,1e-06,988575.5558869042,1.3672190474690653,660.0,318602.9340407181
1000.0,2.0,20.0,0.3,-7.522705399774549,0.34314061221290115,60.50266277338196,12.30000000000001,0.9863852052902833,1e-06,986385.2052902833,1.2064393102408768,660.0,361062.5054260114
1000.0,2.0,25.0,0.2,-6.093580441883759,0.2783019040872701,60.74076849071128,15.300000000000086,0.7964493691879265,1e-06,796449.3691879265,1.6996621561519871,660.0,256286.22630875814
1000.0,2.0,25.0,0.25,-7.819511450531557,0.27768366375772274,60.740768490711275,15.300000000000086,0.7946800779289372,1e-06,794680.0779289373,1.4604196108759577,660.0,298270.4400543675
1000.0,2.0,25.0,0.3,-9.550975009475659,0.2770653662655896,60.740768490711275,15.299999999999724,0.7929106231635099,1e-06,792910.62316351,1.3094007989385388,660.0,332671.2495922697
1000.0,3.0,15.0,0.2,-3.38127438624307,0.452152334052615,60.26455705605262,9.300000000000022,1.3063045646924794,1e-06,1306304.5646924793,1.9954756415821007,990.0,491161.0944160329
1000.0,3.0,15.0,0.25,-4.435487352283888,0.4514318996238236,60.26455705605262,9.299999999999931,1.3034402131464407,1e-06,1303440.2131464407,1.6067183926935085,990.0,610001.1081325563
1000.0,3.0,15.0,0.3,-5.49443579007344,0.4504397147437682,60.26455705605262,9.299999999999931,1.3005754317385536,1e-06,1300575.4317385536,1.3685823253755056,990.0,716142.5234182273
1000.0,3.0,20.0,0.2,-4.737427414063413,0.3446644697000746,60.50266277338195,12.30000000000001,0.9907656559626998,1e-06,990765.6559626999,2.005332377555472,990.0,488746.9084774642
1000.0,3.0,20.0,0.25,-6.127499401407721,0.34390258450478617,60.50266277338195,12.30000000000001,0.9885755558875432,1e-06,988575.5558875432,1.660069838112294,990.0,590396.8480714617
1000.0,3.0,20.0,0.3,-7.522705399774549,0.34314061215018465,60.50266277338196,12.30000000000001,0.9863852052926353,1e-06,986385.2052926354,1.4440741875154646,990.0,678704.7427849022
1000.0,3.0,25.0,0.2,-6.093580441883759,0.2783019041077926,60.74076849071128,15.300000000000086,0.7964493691884396,1e-06,796449.3691884396,2.064303648040029,990.0,474784.8025800683
1000.0,3.0,25.0,0.25,-7.819511450531557,0.27768366378407944,60.740768490711275,15.300000000000086,0.7946800779269608,1e-06,794680.0779269609,1.7429609942487023,990.0,562318.9521934591
1000.0,3.0,25.0,0.3,-9.550975009475659,0.27706536626558403,60.740768490711275,15.299999999999724,0.7929106231643143,1e-06,792910.6231643143,1.5396607177119588,990.0,636568.8159249108
1000.0,4.0,15.0,0.2,-3.38127438624307,0.4412518246612422,60.26455705605262,9.300000000000022,1.3063045646922016,1e-06,1306304.5646922016,2.4044710040319437,1320.0,724650.0361527554
1000.0,4.0,15.0,0.25,-4.435487352283888,0.45143189962380137,60.26455705605262,9.299999999999931,1.3034402131453486,1e-06,1303440.2131453487,1.9175545065178228,1320.0,908657.3518914494
1000.0,4.0,15.0,0.3,-5.49443579007344,0.45043971468972255,60.26455705605262,9.299999999999931,1.300575431739005,1e-06,1300575.431739005,1.61900845898956,1320.0,1076214.2657904641
1000.0,4.0,20.0,0.2,-4.737427414063413,0.3446644697119262,60.50266277338195,12.30000000000001,0.9907656559624036,1e-06,990765.6559624036,2.387025602922487,1320.0,729946.087661038
1000.0,4.0,20.0,0.25,-6.127499401407721,0.3439025845508049,60.50266277338195,12.30000000000001,0.98857555588486,1e-06,988575.5558848601,1.9540805890390673,1320.0,891672.5388776505
1000.0,4.0,20.0,0.3,-7.522705399774549,0.3431406121878212,60.50266277338196,12.30000000000001,0.9863852052902833,1e-06,986385.2052902833,1.682888440387717,1320.0,1035362.7478709001
1000.0,4.0,25.0,0.2,-6.093580441883759,0.27830190412010775,60.74076849071128,15.300000000000086,0.7964493691887471,1e-06,796449.3691887471,2.4303829381352515,1320.0,716924.0586164101
1000.0,4.0,25.0,0.25,-7.819511450531557,0.27768366379988346,60.740768490711275,15.300000000000086,0.7946800779289367,1e-06,794680.0779289367,2.026963955118624,1320.0,859610.7471965527
1000.0,4.0,25.0,0.3,-9.550975009475659,0.27706536626558403,60.740768490711275,15.299999999999724,0.7929106231609364,1e-06,792910.6231609364,1.771352510519644,1320.0,983655.1390264209
1000.0,6.0,15.0,0.2,-3.38127438624307,0.4228020448230578,60.26455705605262,9.300000000000022,1.2665369703417444,1e-06,1266536.9703417444,3.223518095109109,1980.0,1216186.751347305
1000.0,6.0,15.0,0.25,-4.435487352283888,0.4371590519990824,60.26455705605262,9.299999999999931,1.3034402131461802,1e-06,1303440.2131461801,2.5404559844362335,1980.0,1543187.5316942353
1000.0,6.0,15.0,0.3,-5.49443579007344,0.4469504058224898,60.26455705605262,9.299999999999931,1.300575431739519,1e-06,1300575.4317395191,2.121213506281964,1980.0,1848187.3646333825
1000.0,6.0,20.0,0.2,-4.737427414063413,0.33611005132588373,60.50266277338195,12.30000000000001,0.9907656559620653,1e-06,990765.6559620653,3.152079723395948,1980.0,1243750.2677680654
1000.0,6.0,20.0,0.25,-6.127499401407721,0.3439025845157274,60.50266277338195,12.30000000000001,0.9885755558861745,1e-06,988575.5558861746,2.543950555141705,1980.0,1541067.6878433365
1000.0,6.0,20.0,0.3,-7.522705399774549,0.34314061217705205,60.50266277338196,12.30000000000001,0.9863852052902833,1e-06,986385.2052902833,2.1624696819552276,1980.0,1812927.1511706535
1000.0,6.0,25.0,0.2,-6.093580441883759,0.27830190409898853,60.74076849071128,15.300000000000086,0.7964493691873403,1e-06,796449.3691873404,3.164831003808387,1980.0,1238739.128655654
1000.0,6.0,25.0,0.25,-7.819511450531557,0.2776836637727829,60.740768490711275,15.300000000000086,0.7946800779289372,1e-06,794680.0779289373,2.5974093780372924,1980.0,1509350.0597747178
1000.0,6.0,25.0,0.3,-9.550975009475659,0.2770653663207399,60.740768490711275,15.299999999999724,0.7929106231625911,1e-06,792910.6231625911,2.2372279148348126,1980.0,1752347.1676731093
1000.0,8.0,15.0,0.2,-3.38127438624307,0.40894744737606936,60.26455705605262,9.300000000000022,1.117543484626789,1e-06,1117543.484626789,4.043253620846907,2640.0,1723760.281587316
1000.0,8.0,15.0,0.25,-4.435487352283888,0.42310840960809504,60.26455705605262,9.299999999999931,1.272853000816149,1e-06,1272853.000816149,3.1641807754516407,2640.0,2202655.440571404
1000.0,8.0,15.0,0.3,-5.49443579007344,0.43403252281407,60.26455705605262,9.299999999999931,1.300575431739806,1e-06,1300575.431739806,2.624348540359144,2640.0,2655744.8040214223
1000.0,8.0,20.0,0.2,-4.737427414063413,0.32606587577056856,60.50266277338195,12.30000000000001,0.9829539525749666,1e-06,982953.9525749667,3.9182593624052737,2640.0,1778749.0197488156
1000.0,8.0,20.0,0.25,-6.127499401407721,0.3361084952681626,60.50266277338195,12.30000000000001,0.9885755558869042,1e-06,988575.5558869042,3.135110617693631,2640.0,2223079.4539323915
1000.0,8.0,20.0,0.3,-7.522705399774549,0.3429159437321151,60.50266277338196,12.30000000000001,0.986385205290283,1e-06,986385.205290283,2.64345713015065,2640.0,2636547.3911062838
1000.0,8.0,25.0,0.2,-6.093580441883759,0.27183656236028736,60.74076849071128,15.300000000000086,0.7964493691879265,1e-06,796449.3691879265,3.900875990728398,2640.0,1786675.6124945641
1000.0,8.0,25.0,0.25,-7.819511450531557,0.2776836637577366,60.740768490711275,15.300000000000086,0.794680077928937,1e-06,794680.077928937,3.1696232884573345,2640.0,2198873.293675264
1000.0,8.0,25.0,0.3,-9.550975009475659,0.2770653663084858,60.740768490711275,15.299999999999724,0.7929106231613651,1e-06,792910.6231613652,2.704974567856813,2640.0,2576586.147174798
